<?xml version="1.0" encoding="UTF-8"?>
<project-private xmlns="http://www.netbeans.org/ns/project-private/1">
    <editor-bookmarks xmlns="http://www.netbeans.org/ns/editor-bookmarks/2" lastBookmarkId="0"/>
    <open-files xmlns="http://www.netbeans.org/ns/projectui-open-files/2">
        <group>
            <file>file:/C:/Users/XoaiBuuu/Documents/NetBeansProjects/aptech-app/src/AptechApp/DAO/RoleDAO.java</file>
            <file>file:/C:/Users/XoaiBuuu/Documents/NetBeansProjects/aptech-app/src/AptechApp/view/StudentManagePanel.java</file>
            <file>file:/C:/Users/XoaiBuuu/Documents/NetBeansProjects/aptech-app/src/AptechApp/DAO/Validator.java</file>
            <file>file:/C:/Users/XoaiBuuu/Documents/NetBeansProjects/aptech-app/src/AptechApp/DAO/StudentDAO.java</file>
            <file>file:/C:/Users/XoaiBuuu/Documents/NetBeansProjects/aptech-app/src/AptechApp/view/RoleManager.java</file>
            <file>file:/C:/Users/XoaiBuuu/Documents/NetBeansProjects/aptech-app/src/AptechApp/DAO/UserDAO.java</file>
            <file>file:/C:/Users/XoaiBuuu/Documents/NetBeansProjects/aptech-app/src/AptechApp/DAO/TeacherDAO.java</file>
            <file>file:/C:/Users/XoaiBuuu/Documents/NetBeansProjects/aptech-app/src/AptechApp/view/TeacherManagerPanel.java</file>
            <file>file:/C:/Users/XoaiBuuu/Documents/NetBeansProjects/aptech-app/src/AptechApp/model/Teacher.java</file>
            <file>file:/C:/Users/XoaiBuuu/Documents/NetBeansProjects/aptech-app/src/AptechApp/view/MainForm.java</file>
        </group>
    </open-files>
</project-private>
